Store_ID,MAE,MAPE,sMAPE,MASE,RMSE
1,425.4166666666667,0.1094604352625405,0.12989029070226157,0.3463637328819724,892.2851748927208
2,662.4791666666666,0.1469984984979397,0.1765790334561976,0.41249419700195594,1186.550251780345
3,786.9375,0.12536642028064263,0.14848368342329815,0.30953516636970196,1436.3734426209178
4,974.6458333333334,0.11003936209329744,0.12085470339147056,0.42393236300054365,1507.3020046869617
5,530.8125,0.13599914457739853,0.15559773328827647,0.32465103839499904,1012.2970990112866
6,700.75,0.18731995326716724,0.19285490454697027,0.4777419818484791,1053.9573046380958
7,1028.4166666666667,0.11034390984511958,0.12568920414622237,0.4441915725528751,1732.1515522609445
8,628.4583333333334,0.1143445736024438,0.14155429747046494,0.35305060301347346,1033.3113841754898
9,831.5416666666666,0.1304103688495915,0.15023894426299306,0.46717895244670493,1537.7397915989125
10,602.25,0.1223752440475836,0.14458116670934165,0.4922315349508363,1047.645654153477
11,711.3958333333334,0.1177146958141792,0.11558505965442192,0.3484319131740175,1008.6511620310893
12,878.0416666666666,0.12823058337700077,0.14968786007020532,0.34902508816492667,1480.3310440573757
14,607.6458333333334,0.12950450618092607,0.1495558459584306,0.40017184519337096,1007.8674267977907
15,761.1041666666666,0.1274012705174888,0.14705921963947574,0.390656748243075,1432.9462655661587
16,914.2083333333334,0.13101874328241114,0.1521641452138017,0.45287840776936883,1691.2763424900932
17,690.5625,0.12811129267622784,0.15347478447890864,0.2869303822669006,1204.8829818700237
18,628.9583333333334,0.10059510207757717,0.124125806296744,0.3436088277876598,1258.385605978284
19,812.7916666666666,0.14761394407691025,0.16558114493765483,0.411160802292939,1391.8432023758999
21,710.3958333333334,0.13208146211577626,0.16316485986476992,0.3001457113928023,1314.5920152909293
23,584.75,0.11696573583091177,0.13979200037514292,0.2911965894500216,1119.1638247668063
24,1075.5625,0.12879070421544517,0.15034002211035752,0.3640654085863855,1822.9420360139447
25,1263.0208333333333,0.14682884914119068,0.16563503916670635,0.38805023601233485,1702.7434725563724
26,895.2291666666666,0.1435225765879561,0.18929186099913062,0.3605890405038973,1609.8493718357627
27,1266.7083333333333,0.15163805426620855,0.17135267722897413,0.36281819010634464,2057.2087076100634
28,646.5208333333334,0.15721486254436215,0.18846957276507123,0.31954476313011204,1089.487838390131
29,1029.8541666666667,0.14699263688994618,0.1637396463533727,0.4093640117865873,1748.2747686409784
30,601.4791666666666,0.18529633777897533,0.19082465985926186,0.3366633037905057,851.0772095801101
31,662.3958333333334,0.12470483779907227,0.17125148307986376,0.4186174672749395,1272.754362265817
33,809.5625,0.11994828247442478,0.12332311490686929,0.35276007560387307,1222.6885675973801
34,819.2708333333334,0.11412714748847776,0.13804097291899892,0.4295984243969881,1274.1714301197203
35,1548.5416666666667,0.15171373181226777,0.17560275008038775,0.4444687541223982,2516.5779675318363
37,803.9583333333334,0.13526019817445337,0.1642720524857684,0.34300345435189017,1433.9588557556315
38,668.0208333333334,0.11641172083412729,0.1433484030932915,0.2849555034409882,1240.7470867720517
39,639.5,0.17671355968568384,0.18262099056709102,0.3315539950503904,1054.069060039869
40,783.75,0.22092140011671113,0.22533358597173925,0.5844322479817269,1092.9873817508906
42,1339.8125,0.16161030094798018,0.17522479266655155,0.44902274728932656,2079.94743523324
43,721.4583333333334,0.1253771433016149,0.14797474698322574,0.3212725832479446,1333.5897045193474
44,555.0833333333334,0.1311394412343095,0.1470405532092583,0.31421763024569394,951.010821880242
45,507.3958333333333,0.10285317025533537,0.12684183585934522,0.2955712295018626,982.918825064749
47,791.1041666666666,0.12946225375663944,0.14852021380168637,0.40034882189556,1183.3615254857664
48,454.6666666666667,0.15862816136057784,0.172284219323135,0.47642595867558035,736.7006968007202
49,692.9375,0.10297681064140506,0.12643018582972085,0.31573268887386624,1212.1766235440555
50,486.25,0.11781898358973061,0.1632797427293731,0.3176190122009414,931.1046307120018
53,474.0625,0.10309521744890911,0.12408298399390244,0.32481898107986806,948.719883140786
54,844.5208333333334,0.12428516294898057,0.14848574196420064,0.3534650414418258,1474.7347784149754
55,530.0833333333334,0.13302734421520698,0.15125980609800757,0.3484544801252365,1014.9083702482702
56,971.4791666666666,0.13255221669266865,0.15940517332495713,0.5052261028574689,1474.7220077017905
57,1745.4791666666667,0.22466636285549257,0.24152660369873047,0.4562763252679054,2538.744571633783
59,450.75,0.09990031544755144,0.12077893280401462,0.26176300941341923,911.2166317621733
60,913.3541666666666,0.11730233634390481,0.1425615403710342,0.33736002934645215,1289.530470106594
61,777.6666666666666,0.15770442311356708,0.18759002918150366,0.5866237479075688,1273.8247524679366
62,713.1458333333334,0.13438082904350468,0.15186937843881002,0.4033872072240978,1314.2591068735267
63,717.6666666666666,0.10719818022192978,0.13282250195014766,0.3222114745902866,1522.3433143238967
64,1262.9166666666667,0.12006371195723371,0.14991033367994355,0.394710824998664,2263.4727006674207
65,483.6458333333333,0.10908547843374856,0.1309902028339665,0.2724988529264297,1076.9492405246715
66,723.0625,0.12767812682361138,0.1497527680745939,0.4807527939001564,1374.0004245511232
67,876.8541666666666,0.12343035674676663,0.1459147755692645,0.34489654510562295,1470.8152501249094
68,961.9583333333334,0.1385364765074195,0.15402752015648818,0.5714101352666581,1264.6509399830452
69,802.8333333333334,0.10121153622138791,0.12516596259140386,0.31147991412335474,1400.8010803346301
70,630.3125,0.10533936430768269,0.13104064290116474,0.30938980993478926,1264.502273623895
71,959.8958333333334,0.1287354027352682,0.14782947447241807,0.3042289468948203,1353.0708283998538
73,616.4166666666666,0.14646627844833746,0.19251234938458697,0.5346825694078408,1131.0234303496989
74,703.4583333333334,0.14948848398720346,0.16691400946640386,0.35401509843247503,935.3955045861617
75,656.6666666666666,0.11955324033411538,0.14403031512004574,0.48173257100385597,1074.6615358645097
77,982.7916666666666,0.13681671096057427,0.18220850316489615,0.40184397481876205,1917.5300084570601
78,380.0833333333333,0.11971543474895198,0.14016318902736757,0.3017811592088298,793.9461568645571
79,587.5625,0.11131483171044326,0.13371651347090557,0.31791443201934444,1066.3318745431307
80,916.5208333333334,0.1272825613254454,0.17622583668406416,0.4057213335995043,1585.4919320723984
82,961.5625,0.1211468533771794,0.14302054847159038,0.3055364574209664,1793.3355328363216
83,486.0625,0.16796088800197695,0.15924418844827792,0.45537524002560276,690.5234125888371
84,1245.3958333333333,0.11227691464307832,0.13381918465218892,0.3429894445824407,2353.762519881732
85,1262.9375,0.19112571080525717,0.17047820488611856,0.7215163493600086,1490.1849997008203
86,643.4166666666666,0.17158038441727802,0.1807993446908346,0.3739132889301792,937.8036841471674
87,660.9583333333334,0.12844562530517578,0.148011219210741,0.4679786183322145,950.070085134074
88,638.4375,0.12084177063732612,0.137453811924632,0.2869499793260076,1130.8214565821904
90,902.0833333333334,0.13241760905196026,0.14886710701919184,0.3567093390491382,1403.579115452112
91,634.6875,0.15956671645001666,0.17787989174447408,0.36539742487181154,935.6514664481997
92,726.2708333333334,0.12765449430884385,0.15196555998267197,0.31733349613736556,1264.310681755082
93,708.0625,0.1339411851836414,0.15527688003167872,0.37010101958015834,1275.86506601077
94,674.1041666666666,0.10331156195663824,0.12680542178270293,0.2774433614799444,1358.8376160037176
95,596.2708333333334,0.10343062005391936,0.10385285354242092,0.23366847181784578,935.9837071231528
96,468.0625,0.10278185402474753,0.10492749330474109,0.22677186584581838,712.4375996066836
97,655.5416666666666,0.10369898633259099,0.12929465131061832,0.3078352881902992,1310.8046510954
98,530.1458333333334,0.10531615047920041,0.12841971327618854,0.3400862903369673,1052.148753741599
101,838.1875,0.12586037705584271,0.1362058476703923,0.4072165248430501,1375.6941278254164
102,988.7083333333334,0.16694829522109614,0.1725012151206412,0.3393468681115286,1451.7790235891046
103,382.4791666666667,0.09786591878751429,0.0957671723714689,0.4270272029339587,547.1815093428017
104,956.5,0.10478008084180879,0.12614244368018174,0.5853252586967576,1680.4523200614767
105,588.1458333333334,0.12702176629043208,0.15161126997412705,0.4323307934463762,1036.381203997834
106,1052.0625,0.13118322884164205,0.15628896108487758,0.5283130621092905,1655.294938472698
107,763.0416666666666,0.11535900395090987,0.13698504610759457,0.49155878999952307,1140.9172844689488
109,786.9166666666666,0.13283814453497167,0.17832813030335962,0.48294966932475364,1334.700777952372
110,672.0208333333334,0.1553757016251727,0.19882302167938976,0.6451884145894872,986.2116490219869
111,698.1458333333334,0.11414960535561167,0.13794373302924923,0.3200965963140836,1333.0020630141576
112,669.2291666666666,0.12512030252596226,0.14578154028915777,0.65952148625567,1154.669324958449
114,518.8958333333334,0.11878518360417063,0.13872047749961294,0.32503315873870037,842.6381686900572
116,746.1458333333334,0.12063186924632002,0.1321828190873309,0.44518782307324245,1024.4538382312141
117,314.4375,0.11065941322140577,0.10332614619557451,0.28230472913404475,504.79170621818525
118,878.9375,0.11356247925176853,0.13957819124547446,0.3223743529191878,1626.963019452706
119,494.1666666666667,0.09679673357707698,0.10947906680223418,0.3199748249719926,923.5960516733853
120,850.3333333333334,0.1328317130484232,0.15860722704631527,0.39103528211817484,1559.9907051005143
121,447.9375,0.13295520224222324,0.14540228029576743,0.3548316065993656,774.3337996841758
122,1037.0,0.1354872981707255,0.13268616795539856,0.6214082124445267,1506.393983436383
123,897.2291666666666,0.12857675552368164,0.14997391584442882,0.2993604494431331,1232.0353079356128
124,715.2708333333334,0.19523757841528916,0.20006010009021294,0.628232014542838,1131.9614981673772
125,1768.8333333333333,0.18174978581870474,0.2179674753328649,0.5738405243445418,2815.365222015313
126,673.7083333333334,0.15440231416283584,0.17208518051519628,0.2613487003472379,1081.0365396229677
128,886.8333333333334,0.11342862757240854,0.13776003442159512,0.3868191773093171,1730.501372435168
130,593.3333333333334,0.12796089125842583,0.14564724666316334,0.5125058956388341,845.1836092431829
131,731.7083333333334,0.16794883914110137,0.19057345971828554,0.4506982367668395,1102.8123896051707
133,580.7916666666666,0.1317132856787705,0.12159271938044851,0.27010308309914294,839.3474151585465
134,495.2708333333333,0.12999474130025723,0.12471199035644531,0.54469837257851,711.337121202036
135,760.9375,0.13812790847406153,0.1672408871534394,0.4483455939743342,1173.4737605360704
138,723.3958333333334,0.11418911305869497,0.12305377169353206,0.30931295975192696,1072.192768737662
140,709.3958333333334,0.11271275543585056,0.12025094613796328,0.3608041299665458,995.8121894547519
141,647.625,0.12978194399577817,0.15835852739287587,0.35348730058612676,1135.8444729216526
142,416.625,0.1196028313985685,0.11356742207596941,0.3721544332683445,599.1185887062204
143,610.2083333333334,0.1090153950016673,0.1325704062857279,0.2609293058578613,1144.45034113907
146,920.7083333333334,0.1237253561252501,0.1532535087771532,0.3720526842256961,1753.124353832323
147,813.6041666666666,0.11460490343047351,0.1362194200841392,0.31992141720266415,1372.2860488979693
148,971.9583333333334,0.13073810716954673,0.15128021705441358,0.5190290900428929,1698.6127673290737
150,781.1666666666666,0.10038371202422351,0.1254724176918588,0.31790305987226586,1456.7839579017884
151,567.2291666666666,0.08802739585318216,0.11083602905273438,0.26237985892228993,1248.8625491488913
152,561.4791666666666,0.1206388706114234,0.14304277373523247,0.2694494391880535,751.5543615290469
153,703.4583333333334,0.13921300376333842,0.15422579137290396,0.23774240477013292,1283.6670128970363
154,812.875,0.1028182797315644,0.12318786760655845,0.3088081643858615,1378.338250696589
156,640.0625,0.10648885587366616,0.11257990395150534,0.23092569411678573,1039.6129888889743
157,1133.125,0.1335752068496332,0.15550083067358994,0.4018665379998832,2028.6617920852816
158,1073.2916666666667,0.14882206335300352,0.1683164573297268,0.5415835858232462,1699.7552765030619
160,639.6041666666666,0.1230638201643781,0.15335704059135624,0.35183667363730436,1245.3642706721062
161,824.8541666666666,0.1361290419973978,0.15307299683733686,0.452787723406621,1247.3830606513782
162,861.2708333333334,0.11801539397821194,0.1424448780897187,0.3134569423062615,1630.4783040568188
163,871.4791666666666,0.16029609121927402,0.19924582504644628,0.6532197997192204,1324.5921384838932
166,737.0208333333334,0.15054819060534966,0.17010820202711152,0.42875116358025506,1173.487892282376
167,880.2708333333334,0.11372636004192073,0.1341259421371832,0.26202238034465825,1664.1245946943595
168,669.9166666666666,0.0946584329372499,0.10574793234104063,0.2733098590037722,1081.5780908777076
169,1036.625,0.23016757499880908,0.22378151591231182,0.4676135918646744,1579.6829323211246
170,677.75,0.1998820886379335,0.22988426394578887,0.42450305756411705,1085.2353047457802
171,863.375,0.12500245396683857,0.13344306480593798,0.3037936338554487,1329.794345002264
173,848.5416666666666,0.1233247780218357,0.14434205031976466,0.363078759089956,1425.6981330796034
175,714.9166666666666,0.12665222912299923,0.15322074657533227,0.442327952091509,1279.6563340730718
176,497.8125,0.12729317967484638,0.12253105349657012,0.2807219889722641,712.0888579852002
177,464.5,0.1520257345060023,0.16697530048649487,0.36886268127035626,827.2631080859342
178,1047.75,0.11338617743515386,0.13759112939601992,0.3104579262701291,2028.6517690328224
179,904.1041666666666,0.14769589028707364,0.166512791703387,0.359383909174576,1367.5917397625165
180,801.7708333333334,0.12599149564417397,0.14599579136546065,0.39011909718527066,1420.9692114891159
182,671.6875,0.1303155712965058,0.14900973948036753,0.4100766364023685,876.7047203401306
184,648.9791666666666,0.11685871496433164,0.13660456494587223,0.30829720252817,1073.4412730404335
185,1009.7083333333334,0.18623840518114043,0.19204609568526104,0.43766986819083586,1589.0221836085234
187,586.8958333333334,0.11533716248302925,0.12402086723141553,0.35528273352506456,915.7063757922988
188,759.0208333333334,0.14542307504793492,0.17725293229265912,0.40366307572700666,1332.9834332553924
189,915.8125,0.1246276599604909,0.14659002350597847,0.3577594246346328,1685.571713099149
193,611.3125,0.12704397992389957,0.1505832206912157,0.2942752301220715,935.83385277516
194,511.5416666666667,0.11533439450147676,0.13888714953166684,0.3991953919334641,915.3437423540222
195,1117.5208333333333,0.12143946856987185,0.14060492631865712,0.33797114515610627,1742.4556426683196
196,465.4375,0.09889374709710842,0.12069206702999952,0.31102733221682555,999.2263257140496
197,661.6458333333334,0.11394557720277368,0.13572288141018007,0.30191886554383357,1261.395457420075
198,468.0833333333333,0.18720351195916896,0.2357011888085342,0.29120991587298584,831.8325903289275
199,872.2916666666666,0.11875052568389148,0.1422343951899831,0.3363916708151002,1603.1421230404578
200,1089.0208333333333,0.17848283488576006,0.1880971047936416,0.5752239378725433,1541.4766729773544
201,553.2708333333334,0.11263914806086843,0.13996629017155346,0.3534994224209674,1096.7876579660563
202,536.0416666666666,0.09434679077892769,0.1138725048158227,0.33061841733188696,945.1246831326895
203,792.8125,0.1345329052064477,0.15585745834722753,0.40667561153895754,1207.8350466847698
205,614.625,0.10869991488573028,0.12747083059171352,0.2887869934383974,994.9999162479027
206,958.7916666666666,0.1466418708243021,0.1637103615737543,0.45973031206444365,1628.5928486477726
207,928.0833333333334,0.08819160810331018,0.09499967970499178,0.2560381977101985,1695.7218718488791
208,393.4166666666667,0.14064407348632812,0.1812205779843214,0.4494870031201442,587.9090242829526
209,776.0,0.14159577091534933,0.1346046527226766,0.5410037200725937,1017.4176870882479
210,432.5416666666667,0.16740964098674496,0.18345887486527607,0.3809687236448226,702.3087521406331
211,1838.4166666666667,0.14313737357535014,0.17878453324480756,0.5403048121987172,3198.283497961576
212,548.1458333333334,0.1362955744673566,0.15432950926990044,0.4018528287389107,814.5638914985941
213,977.8541666666666,0.1288233501155202,0.1517694403485554,0.3675634065149075,1706.7337226409982
214,822.0625,0.10253548040622618,0.12247620559320217,0.28623986567517484,1611.7963064026835
216,726.0208333333334,0.1244485203812762,0.1423577680820372,0.2973187312631197,1263.7776043803487
217,584.125,0.13887882232666016,0.15643296590665492,0.49300612881064343,920.6618995773276
219,390.625,0.15586299431033251,0.17255060847212628,0.4878453791285689,664.2080497354224
220,621.6458333333334,0.15782209722007193,0.17560735562952554,0.4046816959401672,791.567616610651
221,522.0833333333334,0.09287019473750417,0.11824049600740759,0.328504535883312,1120.384606582341
222,523.4791666666666,0.11511293271692788,0.13503856193728564,0.34110668763293694,889.9617032958965
223,652.6041666666666,0.1055181317213105,0.12665342703098204,0.2668895261003366,1255.3256549597002
224,877.7916666666666,0.1233513413406,0.1503551762278487,0.4435319169500212,1610.4434689447085
225,611.875,0.12457845269179926,0.14856695547336485,0.36435728129659506,1105.2125738215855
226,731.4791666666666,0.13141871661674687,0.14973600899300923,0.3801332183637328,1242.7547357919555
227,577.9375,0.11491100962569074,0.11480337235985733,0.3038156415426229,883.1696703729508
228,903.0625,0.12727048920422065,0.14598123038687358,0.44928079389259884,1541.6963060213902
229,785.5208333333334,0.09667972239052378,0.11965479501863806,0.28526771463715445,1530.3905819539448
230,865.9166666666666,0.12871836452949337,0.1331482049895496,0.45195443157547666,1266.9723753894557
232,526.7083333333334,0.15758474861703267,0.18505212737292778,0.4677923404087728,786.4256163172713
233,794.0,0.09458609325129812,0.09802612444249595,0.34102516053087895,1216.4057711142282
234,1243.9791666666667,0.1386888434247273,0.15671755627888004,0.28450151063308987,2074.9321274040103
235,638.1041666666666,0.12768040633783106,0.1515236133482398,0.2876065104101826,1185.9413279472697
236,546.1875,0.08714023450525796,0.08744118853313167,0.2911127076454382,924.6706620918246
237,552.1041666666666,0.14252974347370426,0.15913735366449122,0.701014907102292,775.6595580536606
238,793.25,0.1324166088569455,0.1479013722117354,0.3339372270138741,1155.0561674654614
239,782.0833333333334,0.1644807327084425,0.21179971462342798,0.4497304802969903,1095.8069705320672
240,582.3958333333334,0.1456171710316728,0.1622298868691049,0.5035256625819415,877.0062713572805
241,757.0,0.1318846097806605,0.1530863831682903,0.4138687472109152,1071.545690424196
242,596.8541666666666,0.15934278906845464,0.20627568407756527,0.35476609977050744,1006.348680461532
244,810.6041666666666,0.1717891227908251,0.19178420741383623,0.3868915834461982,1203.0786895849055
245,803.8125,0.09462032667020472,0.120623239656774,0.41168314452008525,1298.7837259015323
246,689.4791666666666,0.10448146447902773,0.12697310563994618,0.38630797659880445,1276.9629986808545
247,831.6041666666666,0.12255938460187214,0.14233912491216894,0.2812834341258822,1625.7524411791605
248,722.9166666666666,0.1025855599380121,0.12316603776885242,0.32913991106274715,1326.9809719811358
249,708.375,0.14984868212444027,0.18967944819752763,0.5124527982579193,1194.9398869120294
250,1022.8333333333334,0.12288135435523057,0.14676622065102182,0.3286509714112387,1897.068440164104
251,2033.75,0.13463548334633432,0.1501791419052496,0.4595429347744403,3297.2389459465426
252,1057.0208333333333,0.11119900680169827,0.1354854397657441,0.28573458933402573,2058.6738449788495
253,616.2916666666666,0.12178500105695027,0.14600801467895508,0.26965108843564256,1098.1834622077802
254,485.4583333333333,0.1722961053615663,0.21659055570276772,0.47677479686949265,795.8942036058143
255,515.5416666666666,0.09503020891329138,0.11709567977160942,0.2669619074362513,1010.6868951361743
256,1064.75,0.16472051201797114,0.17328797317132716,0.3022652613939174,1611.658255751924
257,573.6875,0.14416241064304258,0.13600144735196742,0.4497235189311151,897.0179764084999
259,1537.3541666666667,0.12533976634343466,0.11595422029495239,0.9299671463014542,1846.7171774078818
260,676.8333333333334,0.1280715756300019,0.14603998602890386,0.6446232466213762,1016.4943023286784
261,1302.0416666666667,0.11183650319169207,0.13962580518024723,0.23157047329703045,2570.7104076499945
262,2285.3541666666665,0.11370450258255005,0.10703825950622559,0.6869237185795349,2734.7299683881038
264,1050.7291666666667,0.17536040050227467,0.2186464449254478,0.41757830217689584,1621.2246399969788
265,670.5833333333334,0.1362423547884313,0.16076669460389673,0.3794445536010847,1224.9063229488204
266,547.4791666666666,0.15038361200472203,0.17033863067626953,0.4446343005254089,963.4234098602061
267,1167.8958333333333,0.138853305723609,0.16389581633777153,0.48203545835444717,2082.636630171796
268,606.7708333333334,0.15893609349320575,0.15345702520230922,0.35916226338330104,848.9787983218426
269,1452.9375,0.22287494380299638,0.2095711870891292,0.4146751285768894,2004.818029980111
270,770.9166666666666,0.08710446008821814,0.11106109619140625,0.3797462982585136,1395.953497315246
271,970.0416666666666,0.14550534690298686,0.1697754278415587,0.303806987035762,1635.8519696679973
272,646.25,0.11687327594291873,0.14484092665881645,0.2745520393936157,1258.4438141344783
273,824.0208333333334,0.12071679278117854,0.1471556337868295,0.3476140349250164,1543.848438157062
274,722.2708333333334,0.11936265230178833,0.1301877498626709,1.094101181561134,864.1928797052967
276,423.5,0.14345308629477896,0.14025907981686475,0.36273161716069635,633.2533721452522
278,788.3958333333334,0.12654088183147152,0.1477854426314191,0.4257751178688365,1297.2055863791727
280,470.25,0.08290215236384695,0.10455973555402058,0.2804331295751467,889.5900272972189
281,604.3333333333334,0.11163672005257956,0.1349697810847585,0.41134393122726026,1194.633695601571
282,709.8125,0.1787811023433034,0.2188473213009718,0.6195868272636289,1163.3097180029058
285,682.2916666666666,0.13996763927180592,0.17440895917938976,0.5337700107366796,1012.5584345277725
286,558.1875,0.16126937401003955,0.1734320012534537,0.26189905817071946,901.4753185750567
289,726.2083333333334,0.1391681927006419,0.1539255002649819,0.389437754439677,1325.318075029538
290,649.1041666666666,0.11195652659346418,0.1128810324319979,0.2771460486219283,979.2923465441768
291,757.125,0.1054006204372499,0.12935978028832412,0.29222932545781455,1404.7726387806201
292,3819.5,0.573337057362432,1.123546879465987,2.5860936731896027,5536.647842633061
293,584.1666666666666,0.11233514692725205,0.12512046534840654,0.2949332463598841,954.2300561185442
294,493.0625,0.09027094957305164,0.09273473227896341,0.294143736136762,798.7813634948343
295,716.2916666666666,0.13035664907315883,0.15919462064417397,0.4456718693810287,1030.7108792802503
296,545.7083333333334,0.09389111472339165,0.11098159231790682,0.2637575062904717,1031.9366501874038
297,662.8541666666666,0.1047246746900605,0.11598286977628382,0.29168377183756705,994.076330067264
299,832.8125,0.10600978136062622,0.10575493176778157,0.6341269992857854,1704.4377372025062
300,889.9166666666666,0.1368964241772163,0.15635702086658013,0.4965562364135079,1398.2559374687692
301,571.7291666666666,0.11732473606016577,0.1396731981417028,0.44925878948843356,820.9660468009624
302,572.0,0.16833320478113686,0.2120152450189358,0.4426379393977463,878.509153813057
303,650.7083333333334,0.12407611056071956,0.14917061968547543,0.31038116243873837,1086.4854654649857
304,753.2916666666666,0.13298366127944575,0.13845621667257169,0.3651234510557384,1119.3773194653058
305,796.2708333333334,0.1385066916302937,0.18677533545145175,0.4808241627635723,1184.218800166028
307,367.1875,0.1580684475782441,0.19060188386498428,0.3471062120863334,646.1706108554716
308,1244.4583333333333,0.15912904971983374,0.20425052177615283,0.38213835747501157,1976.0899102351932
309,814.5,0.13556887463825504,0.15832174115064668,0.3110928488322524,1430.9995341252445
310,860.7083333333334,0.11621411641438802,0.10871718327204387,0.3262287249710569,1126.5117990209128
311,690.4791666666666,0.11163177722837866,0.13525637184701314,0.39213710301339205,984.1540783840709
312,535.5833333333334,0.10341029050873547,0.12631324442421518,0.2772427695345365,1079.8043418447005
313,766.4166666666666,0.11881531738653416,0.15235183297134028,0.3122314677537783,1531.2963462373964
314,522.5208333333334,0.1311629923378549,0.14843446452443193,0.32433951616439843,912.8628958757535
315,406.7083333333333,0.10754328239254834,0.1229577180815906,0.39897487778236135,703.2380168430411
316,1257.8958333333333,0.13448755915572003,0.18285702496040157,0.385176942333827,2171.3171118010378
318,726.3541666666666,0.10749872719369284,0.13190302034703696,0.3135542127873988,1386.4555528396863
319,1020.1458333333334,0.16147394878108326,0.20004011945026676,0.5620376365958998,1794.8583045280575
320,1819.2916666666667,0.13237627541146627,0.18109765866907632,0.49330697867742396,3441.644955540882
321,632.0625,0.11754213891378264,0.14099142028064263,0.3416941360853846,1201.2892379994641
322,639.4166666666666,0.13863493756550113,0.16523120461440668,0.3491771959278853,1054.079456208117
323,791.5625,0.11076865545133265,0.1511079043876834,0.4135486911460416,1321.2412093684231
324,675.2916666666666,0.15074234473996045,0.1666763003279523,0.3137336356920913,1127.3180562733837
325,879.0416666666666,0.1881135963812107,0.19746371013362232,0.45143604756972405,1278.2870048102134
326,594.1666666666666,0.11989656308802163,0.1441439884464915,0.41770559565966775,1087.31258921557
327,953.8125,0.14348451102652202,0.16555841957650533,0.41743082798694864,1264.9309599078256
328,460.3333333333333,0.12801600665580937,0.14781241300629405,0.38432712076959114,656.9951800939385
329,778.2083333333334,0.13776725676001572,0.1550325533238853,0.35252988646692024,1400.9561020959936
330,521.3125,0.1637538351663729,0.17552189710663585,0.39598485568606495,859.0841053121633
331,515.375,0.10942948736795564,0.11372931410626667,0.28797268106894525,828.7190919324432
332,348.9166666666667,0.11075466435130049,0.1297454717682629,0.3396168321282637,670.0424115929777
333,956.125,0.10959525224639148,0.11461511472376382,0.36669810464143415,1524.317989572167
334,647.6041666666666,0.15113773578550757,0.16447253343535634,0.42016968138513444,1126.216527434519
335,2139.4791666666665,0.16554377476374307,0.15348601341247559,0.4664978750871638,2584.671739312364
336,1135.0625,0.09681560935043707,0.10409434248761433,0.27302189041815067,1801.0683866342592
337,526.6875,0.1049507885444455,0.15339127982535014,0.42494000043660857,1053.7441182121336
338,755.6041666666666,0.12873675183552066,0.15001160924027607,0.3367062672703947,1252.6326277085393
339,628.5,0.14370232093624952,0.16213055354792896,0.4887440088301537,1009.5312443571687
340,856.0208333333334,0.13758096462342798,0.1719950117715975,0.44664303472051475,1373.3957914599855
341,713.5208333333334,0.14515080103060093,0.16690492630004883,0.425234710910201,937.9434062529217
343,1021.8541666666666,0.14854386957680307,0.17204254429514815,0.4245701392633009,1707.1967275819932
344,1014.4583333333334,0.11526058941352658,0.14068081320785894,0.33461523706038476,1865.3971873750284
346,752.5833333333334,0.1154583256419112,0.13845882183167993,0.4404760255141318,1449.6471984589905
347,678.3541666666666,0.14314791051352896,0.16588746047601466,0.5570307369739207,1053.4292414142806
349,869.0208333333334,0.11664703415661323,0.13738692679056308,0.6336834985183224,1622.5143039944721
350,843.9375,0.13489618533995093,0.18027052065221275,0.3711421505218541,1466.3688712826206
351,623.4791666666666,0.12004668538163348,0.1398793429863162,0.3175886569522418,1048.334830417585
352,636.9583333333334,0.10836793155204959,0.13088379836663966,0.3960725471405574,1283.4937994915804
353,767.6875,0.12200067440668742,0.1119574507077535,0.9704240785130798,936.2935348133797
354,913.0833333333334,0.12290338190590464,0.14323418314863995,0.34586120654252633,1345.5472244902196
355,1062.7291666666667,0.12486333381838916,0.17177869052421757,0.4888695812080839,2251.2525402539804
356,689.9583333333334,0.1164728606619486,0.14661729626539277,0.48574808569159306,1090.2796659573175
357,752.6041666666666,0.10555217324233637,0.12846227971518911,0.2819701826214383,1465.5175991209842
358,1006.3958333333334,0.11794518261421018,0.1364454060066037,0.3039476950988504,1694.589232429696
359,731.2916666666666,0.12595623295481612,0.15385727766083507,0.4341255980482311,1164.8343587537815
360,642.5833333333334,0.10786760144117402,0.11439232709931164,0.3179657520694844,1133.9656814324967
361,677.3541666666666,0.1265129112615818,0.1477300713701946,0.30301874601670364,1241.353965098862
362,788.0833333333334,0.09966620003304831,0.12471531658637815,0.3177057791646953,1273.1729392872492
363,653.625,0.10014258361444241,0.10506886970706103,0.36057998195126595,1138.8813224680905
364,671.1875,0.13458272887439263,0.16475963592529297,0.5606555534104928,1145.0073143871177
366,651.2708333333334,0.12610720425117306,0.14556532371334913,0.30787318192929386,1203.0802827187663
367,639.7291666666666,0.13174610603146436,0.15468575314777652,0.3370929999194059,1079.871365796254
368,1251.4583333333333,0.1273916756234518,0.1527342098515208,0.3050352031624223,2359.299754870782
369,728.3333333333334,0.127785985062762,0.15168764533066167,0.39463425530281604,1247.0138999492615
370,862.7083333333334,0.12122568270055259,0.14264453329691074,0.36178020349622425,1712.5813849274434
371,619.1875,0.10210772258479421,0.12637152322908726,0.25940085445299377,1301.9802865891122
372,1096.9791666666667,0.13323377981418516,0.1564972575117902,0.4031952114982938,1910.3169021569868
373,535.4583333333334,0.12847442161746142,0.15517508111348965,0.44251229300346195,883.1627822774236
374,722.1875,0.11728030879323076,0.13788181397973037,0.4266840332938342,1118.8780094362387
375,965.0625,0.11193875568669016,0.13711868844381192,0.267612732051955,1968.29452403174
376,882.1458333333334,0.1219874242456948,0.1434144624849645,0.3181932746312106,1678.96952523465
377,971.0208333333334,0.12899859358624713,0.15491917075180425,0.44560353089061505,1844.0694130102586
378,797.0416666666666,0.1412782320162145,0.15754950918802402,0.4627638863888025,1368.1873044287468
379,392.2708333333333,0.11368072323682832,0.1334616614551079,0.3290090975825932,786.127136664293
380,1582.1041666666667,0.13231358877042446,0.1503311250267959,0.3407332865449992,2712.787987784277
381,816.8333333333334,0.101674719554622,0.12335401628075576,0.3748424858394619,1142.693346149059
382,962.7083333333334,0.1320628887269555,0.17872641726237973,0.33172246508018455,2000.823996923934
383,1584.6041666666667,0.10609470925680022,0.11801528930664062,0.40446479966404525,2448.548005111056
384,824.8125,0.10387383437738186,0.10675857125259028,0.3162114751505077,1261.125159001543
386,758.3541666666666,0.1193356165071813,0.1468242784825767,0.26243996855111573,1310.9893846506411
387,1231.4375,0.14515485996153296,0.1616455868976872,0.35495343183211836,1851.0334050650374
388,1227.6458333333333,0.14272838685570693,0.16098705152185952,0.39198756427101517,1784.7997086508055
389,1127.5416666666667,0.11942180773107017,0.15034477885176495,0.45500905047505136,2206.0374732386877
390,1218.2708333333333,0.11895169281378025,0.12288505275075029,0.347163428078268,1751.6347602549265
391,572.2708333333334,0.1412227444532441,0.13358556933519317,0.30116694047948195,799.3904448599153
392,992.7291666666666,0.1679544332550793,0.18240686742270865,0.42517015281261644,1451.9018561872563
393,602.875,0.11385124485667159,0.1386949376362126,0.31898890235034666,1174.8234264489847
394,946.8541666666666,0.11710862415592845,0.16653793614085127,0.3746002017083434,1624.4363124891456
395,442.6041666666667,0.13636100582960176,0.1367156098528606,0.4296309585562161,600.6984129605582
396,1143.8541666666667,0.12739879329030107,0.15035789768870284,0.361295225467371,1618.0592799194144
397,654.3333333333334,0.13413214102023985,0.15275566752363995,0.34024420389471705,1084.8220668232495
398,637.8541666666666,0.13003893596370045,0.15509432118113448,0.347876742657938,1128.1564977135633
400,928.5833333333334,0.12877946946679092,0.14637272532393292,0.3088192690826445,1542.3780340759524
401,605.9791666666666,0.09344428341563155,0.1175999641418457,0.2831615695283972,1100.0511730521146
402,706.0625,0.14052016560624286,0.16388309292676972,0.388951369390418,1124.3575202458217
403,975.2708333333334,0.14647326818326625,0.16964833329363568,0.5066451778434512,1441.6387665893747
404,559.5208333333334,0.12263783012948386,0.14584587841499141,0.401383772355488,968.9978500148147
405,676.75,0.1630725860595703,0.19902861990579745,0.3438228675215119,1144.960443275953
406,720.3333333333334,0.10893748446208674,0.13208459063274106,0.4087472182345631,1345.515514589111
408,486.7708333333333,0.10782831471140791,0.13300085067749023,0.32406475292166786,886.6155687030691
409,825.3125,0.13900040417182735,0.16655036879748833,0.5152376205742519,1451.3303667095695
410,835.1666666666666,0.16347759525950362,0.1736970529323671,0.3397993537572701,1180.2760623402194
411,1028.5625,0.1226560313527177,0.14851230528296494,0.3496370733320635,1891.3726937509346
414,588.75,0.0973348617553711,0.12199933354447527,0.37888519273603183,1101.657917262281
415,692.4583333333334,0.1168955360970846,0.1346028141859101,0.4011605775167572,1064.0485577892266
416,863.5625,0.08691200395909751,0.09646754148529797,0.3005502400933535,1412.1338463474347
417,1034.9791666666667,0.17838008229325458,0.1915100609383932,0.4207602619607656,1586.0024169800834
418,534.3333333333334,0.1246150412210604,0.14478289208761075,0.27459640328520474,973.2181153266723
419,709.5833333333334,0.16406966418754765,0.17608344845655488,0.4667567079855588,1048.2180116750524
421,1063.7291666666667,0.12063994058748571,0.14905528324406322,0.4337604015916186,1914.5479884296449
422,625.0833333333334,0.16476124088938643,0.20414619911007764,0.6194337068525698,1071.277663975747
423,1221.7083333333333,0.10604079564412434,0.10034199555714925,0.6647351878637833,1496.1542367015509
424,924.0208333333334,0.14513371630412777,0.1620023192428961,0.49046337481533964,1449.3058108395664
425,414.6666666666667,0.1661437197429378,0.17448891662969823,0.4469373578547227,610.62502132378
426,581.5625,0.1457529067993164,0.16407303693817882,0.32821684147100333,726.5567768591798
431,944.625,0.11534061664488257,0.1352859590111709,0.37296188666865787,1388.2538192516045
432,1327.6666666666667,0.13709256707168208,0.1578599766987126,0.5590077256500252,2285.143175674849
433,713.1041666666666,0.16184438268343607,0.1493105391661326,0.4788183849113316,1000.5809146024457
435,408.5416666666667,0.16313343513302686,0.17690602744497905,0.45213581716422724,570.3487237354587
436,466.1875,0.09483494991209448,0.11836036821691001,0.27567882462512433,941.8607469613895
437,1110.25,0.1834141219534525,0.2211110184832317,0.4862643249939883,1565.9797784986454
438,662.9375,0.12941166249717154,0.15374854715859018,0.34384162132988416,1162.7620493176294
439,736.8333333333334,0.12629450821295019,0.14353050836702672,0.3209688257879905,1385.6337298627416
440,584.1875,0.13082760136301924,0.15044501932655893,0.3922811062088263,823.2891351159689
441,867.1041666666666,0.15132238806747808,0.1651463508605957,0.4371595117962336,1396.8936967428838
442,451.125,0.1110874734273771,0.13266058665950123,0.2706541898356857,939.8076930947096
443,538.3958333333334,0.12081583534798972,0.14189527092910395,0.3114562436194432,955.903063425715
444,1189.9791666666667,0.12147466147818216,0.13829565048217773,0.4008605479418412,1813.3026958196103
445,1136.125,0.15301365968657704,0.17733029621403393,0.5365583009124351,1567.3126150622707
446,476.5,0.12244656027817144,0.12486420608148342,0.2812185824745183,703.7599614451885
447,580.4375,0.12537558485821979,0.12954575841019794,0.5296294919920049,864.9849709677042
448,730.8333333333334,0.10991935032169993,0.10610467631642412,0.3094344903389806,1047.7671099374454
449,1058.1875,0.11872789336413872,0.13819964339093463,0.33315750891892765,1725.1740008860943
450,1031.5833333333333,0.12187312288982112,0.1480256289970584,0.3846545905244742,2024.450378086194
451,585.75,0.11466142607898247,0.1370776339275081,0.4079814132816119,1047.952607070886
452,493.875,0.11961639218214082,0.14118762132598134,0.28274708340729027,992.3168596773916
453,1337.1041666666667,0.1293351948261261,0.13070801893870035,0.7484445287610922,1670.8010553823176
454,760.3958333333334,0.15212079955310356,0.1722874641418457,0.405742299088299,1064.6103356001513
455,828.6666666666666,0.11673112031890125,0.14002881399015102,0.4356375827655932,1536.8183583841867
456,744.5208333333334,0.1567028324778487,0.15485634454866734,0.37690415631981333,1076.3076542822998
458,677.9791666666666,0.10585291792706746,0.12759444771743403,0.31851975169230484,1261.1787475744004
459,1025.6041666666667,0.1281611163441728,0.15158185726258813,0.3198742655790767,1707.705966103845
460,459.0833333333333,0.13231933407667207,0.16261550856799614,0.31907941562652875,885.6888091574075
461,552.2291666666666,0.1332076933325791,0.17059233130478277,0.384693288059648,1005.316036544396
462,426.2083333333333,0.11641552390121832,0.11081756033548494,0.2898040627851527,675.1556610639258
463,787.4166666666666,0.16528013275890815,0.17818391613843965,0.45258230032680374,1284.442810456477
464,831.8541666666666,0.09114069473452685,0.09960932847930164,0.3487025736452426,1315.6583903126223
465,788.9166666666666,0.10784428294112043,0.13422425200299518,0.3069530182049576,1500.3781745502254
466,812.9583333333334,0.13257693081367306,0.13201106466898105,0.30378521001908276,1169.8771303004432
467,1586.2708333333333,0.14130128302225253,0.16010597275524605,0.4485257790395664,2604.331776099197
468,734.6458333333334,0.1263361442379835,0.16325676150438262,0.38877385373026646,1354.6151975130551
469,955.8541666666666,0.09319597918812822,0.11718827922169756,0.26617757271114917,2019.421451802471
470,1405.7083333333333,0.1431891976333246,0.15934000945672755,0.3487093519354419,2417.2524347559015
472,567.2708333333334,0.12160741992113067,0.13796947060561762,0.4294729579938039,829.9532115326341
473,464.625,0.16326021566623594,0.18118040736128643,0.3733269817142216,752.5239475702197
474,677.9166666666666,0.11334031965674424,0.11260369928871714,0.2888068732701394,1023.960529838268
475,921.7708333333334,0.18224658035650487,0.19174201314042255,0.45765833206922923,1356.4905086287924
476,485.9375,0.09168727804974812,0.09201983707707102,0.24842070219766732,773.8087619043868
478,627.1458333333334,0.10681943195622141,0.12793490944839106,0.3022573488486914,1188.5080282999072
479,1341.8958333333333,0.1364945434942478,0.1562216572645234,0.42451094040486825,2350.7432867074194
480,398.2083333333333,0.10096910523205269,0.10242706391869522,0.2804139326746612,632.914159529816
481,654.1666666666666,0.126575388559481,0.15080975323188595,0.3837198665044263,1004.6032384313056
482,726.2916666666666,0.11142934240945955,0.13264076884199932,0.2770398492513599,1421.410918770501
483,606.9791666666666,0.1500872635259861,0.16586775896025868,0.3672288337232594,1030.283051722519
484,796.3541666666666,0.1153061099168731,0.1360056574751691,0.41297214808621924,1529.7593492659773
486,500.6875,0.1364847043665444,0.15462470636135195,0.35199514660063896,860.9878531857074
487,647.3333333333334,0.10060139400203054,0.1247444385435523,0.30672356143591634,1217.4714233470397
488,397.3958333333333,0.12195431313863615,0.14892773511933116,0.3794165369617695,656.247634916373
489,1034.8958333333333,0.1380987748867128,0.18928260338015673,0.33907485562410045,1979.5317628166515
491,873.4583333333334,0.13229746934844228,0.1607049848975205,0.4035323735111724,1394.067669328382
493,915.2916666666666,0.11345573750937857,0.13642841432152725,0.3494700715299946,1641.757137947023
494,1291.1875,0.19058666626612344,0.1660106877485911,0.6747049485171356,1654.7291319125316
495,633.0,0.12577467429928663,0.15264187789544825,0.32524569917824153,1106.4289779887968
496,848.6875,0.1276348509439608,0.14528027976431498,0.3596310427920278,1595.5982681531507
497,777.8125,0.10717975802537871,0.10673508993009241,0.3365591588651465,1030.6075473557657
499,713.7291666666666,0.14972773993887553,0.1660768927597418,0.5203052500267791,1155.6029450752826
502,1183.4375,0.13473816615779224,0.15307445060916064,0.3690295778326827,1988.9998324115902
503,733.25,0.11806079817981255,0.1400704151246606,0.2962920486336202,1395.0622447284088
504,758.5416666666666,0.12487260306753763,0.14442376392643627,0.4505481017746888,1349.2159451572852
505,796.5208333333334,0.204503571114889,0.21242674385629048,0.5257070334464097,1144.4328289593934
506,760.8541666666666,0.12950805338417612,0.1488016407664229,0.29915571632118626,1141.1770969777945
507,1031.3541666666667,0.1358520112386564,0.16346244114201244,0.3843713625115318,1745.2877508689887
508,857.5,0.12854816855453863,0.15156540056554282,0.37268122336643816,1519.0302279195544
509,637.2916666666666,0.12127022626923352,0.14336746494944502,0.3100092618896412,1093.1139769789181
510,666.8125,0.09694111056444121,0.10493964683718798,0.27669901691970356,1076.4579261014649
511,602.1458333333334,0.1216912385894031,0.14344682926084937,0.5928493934089533,1013.201485391726
513,1826.0625,0.12998029662341606,0.1478295675138148,0.433917314017251,2916.721447104608
515,1225.8541666666667,0.15046491855528296,0.18354753168617807,0.5114099099607569,2064.8679538088304
516,877.0833333333334,0.19100863759110615,0.19779779852890386,0.4137913901091196,1363.7472884177137
517,876.3958333333334,0.15354632168281368,0.1747070056636159,0.42470688925773115,1239.012779057047
519,556.875,0.12010899985708841,0.14285016641384218,0.34069687760593237,992.4028080035513
520,341.125,0.0962470275599782,0.09801015621278344,0.3599606405531379,574.4541793447644
521,546.4166666666666,0.11720341007883955,0.1415159178943169,0.3287197175119018,1050.579007024222
523,1262.3541666666667,0.1121185698160311,0.10609622117949695,0.43317639975013655,1887.0151032781905
524,998.4791666666666,0.22028644879659018,0.36370134353637695,0.47838196774204583,1304.5952118058178
525,979.5,0.12032590261319788,0.13860104723674496,0.4484031360785805,1679.8861072505283
526,971.8958333333334,0.12278606833481207,0.11359354344809927,0.26905970637058824,1535.7416232339779
527,1345.3125,0.15070954764761577,0.16539581810555806,0.4972320115256243,2236.408504723589
528,1061.4583333333333,0.10858395041489019,0.13196902158783702,0.2862029490689697,2117.497658400909
529,778.0208333333334,0.1067026766335092,0.12789573902037085,0.3551686868759649,1408.9494904597066
530,736.6666666666666,0.1145327091217041,0.11273701985677083,0.7361993834052718,1657.7749143555848
531,603.25,0.1400394090792028,0.15982241746855946,0.6429853337899626,1058.6322937324996
532,1139.0416666666667,0.1220144527714427,0.1415256174599252,0.4880069005468884,1780.6236735106793
533,1154.375,0.11908161349412871,0.14381472657366498,0.4229999607541807,2023.2857764866865
535,926.1875,0.14306880206596562,0.15752917964284013,0.3783346354688355,1691.1912960986997
536,841.8958333333334,0.12282620406732327,0.13412556997159633,0.32424770888052223,1128.848380725537
537,613.5625,0.1128273359159144,0.12218627697084009,0.397610041767945,1001.6784247784649
538,395.1875,0.12473272695773985,0.11992119579780393,0.4149330750837486,630.8037531594117
541,914.5416666666666,0.1587836800551996,0.18084339979218272,0.41063629933242785,1379.754023971906
543,402.1458333333333,0.15885685711372188,0.19054344223766792,0.279925412128156,684.1836985293739
544,1392.2083333333333,0.11768985376125429,0.13961908293933403,0.30461417120381207,2508.8812911999908
545,1278.8541666666667,0.1317462921142578,0.155763393495141,0.3421296899516831,2016.1507880116508
546,1312.6875,0.10287871011873571,0.1263310037008146,0.4725402450293848,2809.6927471403937
548,673.8541666666666,0.15544685503331626,0.1991150553633527,0.3572210231023891,1154.3372196488626
549,529.8125,0.12992947276045635,0.14679230713262792,0.5133152313417592,893.1576941764912
550,1700.7083333333333,0.3819458426498785,0.3609901753867545,1.0373267601675829,1976.3428346316841
551,948.9791666666666,0.16029878941977896,0.18170712633830746,0.5467531523087412,1388.175061006356
552,1056.4166666666667,0.14490299690060499,0.1738180300084556,0.30244396911959254,1760.941036302276
553,950.375,0.1543105986060166,0.2061339820303568,0.5327796597850509,1444.1900844417953
554,680.9791666666666,0.14353562564384648,0.17014032456932998,0.8522003378071737,1122.6323975371458
556,731.875,0.12209901577088891,0.13114252323057593,0.3513311167672303,1009.0032623006397
557,436.4583333333333,0.1351717390665194,0.1509378712351729,0.27884352440604293,679.1482410588526
558,429.4166666666667,0.14341486954107519,0.19104180684903774,0.45349483969417176,707.3109582543358
559,537.5416666666666,0.1086931461241187,0.11326387451916206,0.2559661758853247,809.1716185910956
560,1343.0,0.10349449297276939,0.12846190754960224,0.3666077730359908,2310.2108128913255
561,639.1458333333334,0.10404321624011528,0.12038537932605278,0.3067906087389756,1140.437050725145
562,2359.7291666666665,0.14679789543151855,0.13271073500315347,0.8555090026662959,2880.837146849274
563,888.2083333333334,0.2594409337857874,0.24980805559856137,0.5696681458375211,1132.2676362062107
564,729.125,0.1355437069404416,0.16391837887647676,0.5079505969893703,1126.7530785402807
565,631.4166666666666,0.11084833377745093,0.12883292174920802,0.2947138738655303,1078.2955686328926
566,687.1875,0.14891926835222943,0.17738978455706342,0.498623904338472,1162.727934643354
567,611.0833333333334,0.15045038083704507,0.16615624544097157,0.33720616160378214,1022.5987319895652
568,627.625,0.12973356246948242,0.19734622210991093,0.5298853476691183,987.1160012886023
569,334.9583333333333,0.0868464214045827,0.08340138923831103,0.42989667662641773,551.2066876408522
570,506.5416666666667,0.16409192434171352,0.17068415153317334,0.30755245464487463,718.0308141020133
572,762.1875,0.1269906090527046,0.14639718358109638,0.33981315587889654,1225.9753939890745
574,914.6041666666666,0.10601140231620974,0.1160712125824719,0.3356509428315577,1414.4632668731037
576,784.9375,0.13589728750833652,0.15522828916224038,0.3268526249299926,1447.5491356081839
577,687.3333333333334,0.1641500984750143,0.21117331341999332,0.5291809993018491,1084.5142153671077
578,1058.625,0.1093072493871053,0.10681027173995972,0.5126572093551441,1473.2380436756762
579,851.5,0.1254208727580745,0.14608465752950528,0.29450984077419134,1447.4414783794657
580,1113.875,0.13564780863319956,0.14916396722560976,0.4991381971339166,1753.8906275287902
581,607.75,0.1435323343044374,0.16664505004882812,0.28797347483223446,935.0358727521278
582,909.9583333333334,0.1888370281312524,0.1721404122143257,0.3982430074314929,1123.641550198876
583,433.4791666666667,0.11809615391056712,0.1490372681036228,0.33097190611950006,867.7149109394552
584,631.625,0.14087064091752216,0.17754084889481708,0.4472422126959798,1027.5178019544642
585,580.25,0.13018767426653607,0.14907890412865615,0.34796389619801993,1120.4740812114605
586,1376.5416666666667,0.1142188979358208,0.13077462591776035,0.34988504968150047,2782.7782280783113
588,741.9791666666666,0.13107639405785537,0.1764665812980838,0.4961836563266096,1319.6411759767627
589,591.5208333333334,0.12440932669290682,0.15355128776736376,0.3325697376458207,1117.7639509306068
590,660.8541666666666,0.134991738854385,0.18427169613721894,0.48617366718752764,1109.4090769414138
591,705.5,0.14149023846882144,0.1702660932773497,0.47094001592430984,1071.7922684301593
592,553.375,0.16756941632526676,0.15362132467874667,0.4278499877531417,829.6568316679694
593,1142.375,0.13989181053347705,0.16839796159325576,0.47768418638461885,1719.223468119643
594,390.75,0.10355607474722513,0.11291777215352873,0.3910092033952609,650.2887179297106
595,1999.8958333333333,0.16634499154439786,0.18187760143745235,0.49779142075125704,2691.13086514449
596,347.5416666666667,0.07973659329298066,0.08793310421269114,0.31335011713252003,644.8722095630008
597,557.5208333333334,0.1361342406854397,0.151216274354516,0.4225216072114131,867.5946634229605
599,954.875,0.11195449131291087,0.12287095697914682,0.3938121365728277,1527.5889499469417
600,676.7083333333334,0.0995153101479135,0.12374738367592417,0.3292105026933264,1442.2422357796443
601,454.6041666666667,0.11240373006681116,0.1307299660473335,0.3149012586661502,877.692191678457
602,733.4166666666666,0.13601044910710033,0.15728857459091558,0.4021804693646831,998.0645854185323
603,922.8958333333334,0.1484048424697504,0.17384340704941167,0.3806417853272953,1297.0763277463666
605,832.4375,0.12487205644933189,0.1504853062513398,0.3549427126071442,1433.5189220934617
606,618.1041666666666,0.13167606912008145,0.15196260591832603,0.39475596126974705,836.341736373356
607,512.7083333333334,0.1755193152078768,0.21208014139314976,0.2807392334553566,834.8623139975438
608,1198.5208333333333,0.1399725937261814,0.15917612866657535,0.37786108486799297,1982.9902504382953
609,640.25,0.15290346378233374,0.19554568500053593,0.6252992155981889,1147.2737976031121
610,469.3958333333333,0.13692767445634052,0.15377100502572408,0.3194499271235263,799.1015788579906
613,549.7291666666666,0.10799211409033799,0.12686846895915707,0.29935058360734373,1027.8677768403224
614,528.375,0.0942838133835211,0.10108510459341653,0.31954453843620645,773.9829616987702
615,840.6458333333334,0.1038520394301996,0.12667902504525533,0.29683786347885827,1584.8638742806904
616,863.75,0.12723738972733661,0.14466599720280346,0.3657652941628605,1477.3526999332285
617,657.5,0.11887679448941858,0.13473130435478398,0.3407338834206684,953.2011854797496
618,750.9583333333334,0.10979145329173018,0.13893336784548876,0.4004285274298434,1385.0692521795916
621,572.8958333333334,0.11323176360711819,0.12488987387680425,0.30181029907113416,847.6914729625003
622,417.7291666666667,0.10665307393888147,0.1293693984427103,0.3739923055131346,870.0614920797265
623,917.5833333333334,0.16999008597397222,0.1803359520144579,0.4163902741908859,1263.8159148652412
624,657.2291666666666,0.11366090541932641,0.11768259653230993,0.3334860360607735,1019.2097428890679
625,783.1875,0.14795877875351324,0.14353878905133502,0.3800614349044686,1040.8084998371858
626,922.4583333333334,0.10538769931328006,0.13044494535864853,0.28258360360914186,1890.9880133588015
627,815.3333333333334,0.13285849734050473,0.18426820708484185,0.4364694689928118,1374.4480104148477
628,779.9791666666666,0.1410852990499357,0.1585889211515101,0.3951894206825852,1351.5751304804826
630,572.5625,0.10802905152483684,0.10447360248100467,0.24591346037448975,888.0484690225717
631,720.9166666666666,0.15403526585276534,0.17875726048539325,0.5235860978169348,1117.5302009341851
632,705.125,0.10591493001798304,0.11556599779826839,0.4277085250950887,1264.2257182428566
634,641.4583333333334,0.09957462403832412,0.12511469678180973,0.2642373387353574,1341.5878651806597
635,507.0208333333333,0.08752997328595417,0.10855509595173161,0.2109862260575134,949.8463910899839
639,416.3333333333333,0.12511720889952124,0.12389663370644174,0.2530048613542321,569.5567721190458
640,1384.5625,0.12599118162946002,0.15106133716862377,0.3950334776195065,2081.8109104014866
641,836.9583333333334,0.19129277438652226,0.2122956485283084,0.39048446790821006,1346.5489222453077
642,588.8333333333334,0.22486649489984278,0.22404252029046778,0.5779154868694425,805.3696873693058
643,791.1666666666666,0.11688344071551067,0.1369084846682665,0.32828123825642647,1464.7463375388018
645,1219.8958333333333,0.13016748428344727,0.1517761742196432,0.3378617738294999,2086.744354251378
647,626.5625,0.11778798917444741,0.14127228899699887,0.35519279894725675,1235.3674217279113
648,796.4166666666666,0.14316580935222348,0.16268409170755527,0.41946758419428243,1275.6148190839847
649,491.5625,0.15380746562306474,0.18655853736691358,0.3682738112834633,823.1095765449458
651,871.6666666666666,0.14095440143492163,0.14500704044249,0.4207792099417967,1170.1495630901206
652,728.125,0.11188707119081079,0.1542567276373142,0.2900750488887851,1588.5117248544311
653,456.9375,0.09349860796114294,0.10197297538199075,0.2515869531616623,846.5977990364335
654,625.5416666666666,0.10954490522058999,0.10686292880918921,0.2814322283437702,961.0385007896406
655,1009.25,0.13399193926555356,0.15472116702940406,0.35325056270400984,1543.215690260654
656,398.5416666666667,0.14564510671103872,0.16340786073266006,0.43993744954604924,639.4546178841258
657,959.8125,0.2207489013671875,0.21634999717154155,0.4095066544843755,1488.2185099417804
658,684.2291666666666,0.13225901999124667,0.15359374953479302,0.3398321145369927,1255.8558834516004
659,491.0208333333333,0.10227830235551043,0.12387068678693074,0.27255206801461,998.4185411606364
661,766.2291666666666,0.11978919331620379,0.1389877505418731,0.4105829036072424,1346.6778258613554
662,987.7708333333334,0.14735345142643627,0.16296786796755908,0.29007674409416534,1792.7508657553806
663,682.3333333333334,0.1235353888534918,0.1507523932108065,0.5726829492924768,1201.3820513614032
664,454.4583333333333,0.09961579485637385,0.12264359869608064,0.2680997136577452,915.0908880178697
665,613.0,0.08735076392569192,0.0872678989317359,0.22209872761064478,994.6644744167083
666,974.9375,0.1357120420874619,0.17506135382303378,0.3663363518596418,1676.3533835879196
667,819.5208333333334,0.1038465034670946,0.1275573242001417,0.2950587422965913,1638.1333889521939
668,790.75,0.10258212903650796,0.12242610280106707,0.31655538560759955,1522.113059751695
672,966.0833333333334,0.1365212347449326,0.17940076967565025,0.3933013413794375,1441.805118592662
673,865.8125,0.11858070187452363,0.1423501968383789,0.4020291006565112,1623.2384298062932
674,1053.2916666666667,0.1512722620149938,0.18076900156532846,0.390211976940424,1723.4465468937526
675,760.3958333333334,0.23699525507484995,0.25488120753590654,0.498287210548233,1124.5827374334594
676,976.875,0.11103238662083943,0.10322242975234985,0.8170970590703731,1233.427473884595
678,961.1875,0.14382961319714058,0.1660290694818264,0.3987184641983946,1566.5756179216714
679,755.25,0.09354780359965999,0.09260389862990961,0.30406714646366073,1243.3616395348004
680,609.4583333333334,0.13820252767423305,0.15824591241231778,0.5037728166781912,909.9252258656569
681,445.125,0.13566653321428998,0.15627196939980112,0.41139780122911107,600.4507334772215
682,1582.2708333333333,0.1513169010480245,0.13897307713826498,0.5509379578557763,1991.6008636270471
683,939.2083333333334,0.13405176488364615,0.15049765749675473,0.345741711343281,1552.7790677792298
685,725.5208333333334,0.15113832892441167,0.16874794843720226,0.292059337586066,1130.0209437587134
686,655.625,0.11169124231105898,0.13600883251283227,0.296785378734254,1160.712640291874
687,1098.2708333333333,0.13928081931137457,0.16061626992574551,0.4816851103937062,1522.6745110714457
688,481.0,0.1579576817954459,0.19997366463265767,0.3581299383288607,929.7490252751007
689,774.1041666666666,0.13075661077731993,0.1521641335836271,0.32970560975711255,1331.8219976157975
690,618.1875,0.14001845150459102,0.15569617108600894,0.36248343205240924,921.9412490319904
691,1061.2916666666667,0.15787628220348823,0.1777216632191728,0.39883087892721575,1662.1488100247423
692,865.3958333333334,0.15216399402153202,0.17656230926513672,0.35752496700822856,1325.9492197415907
693,1033.5625,0.15559159255609278,0.1824663790260873,0.3091243003338166,1808.1921911124382
695,998.9791666666666,0.20005421522187022,0.23405858947009575,0.45558074221576456,1486.5975133393256
696,1054.125,0.1341076827630764,0.16471361532443907,0.5049014803462889,1752.874020953398
697,1304.9375,0.13482112419314501,0.1551418537046851,0.3980783096625887,1943.3586047527785
698,1780.6666666666667,0.12009585775980135,0.1659373888155309,0.5936476925330137,3454.1899195035585
699,855.75,0.12632321148383907,0.1482986357153916,0.36025354190268677,1593.9776765479915
700,410.2916666666667,0.10192612903874095,0.1273593437380907,0.2968745453897799,795.9424183528187
703,362.9583333333333,0.14110611706245235,0.15635920733940312,0.32007098625510183,518.3290661667869
704,1381.25,0.14237438760152676,0.18830743650110757,0.5606920458139005,2512.356264545297
705,1035.5,0.16083612674620093,0.17624015342898486,0.38643440483097435,1363.8483542290664
707,903.375,0.1301308027127894,0.14850469914878286,0.371288131705701,1566.1217492051292
708,635.125,0.12356798823286848,0.13475669302591464,0.45716659079086924,855.448907494383
709,907.8125,0.10627604693901248,0.13054177819228754,0.38892168892628337,1895.2546882499284
713,1674.7916666666667,0.21863290740222466,0.24334342305253193,0.4971745680867525,2414.689213956943
714,646.5,0.13885636445952626,0.16460176793540396,0.5028706250043846,1042.6630168307815
715,477.2083333333333,0.09452456962771533,0.09061115544016768,0.20102496341550674,746.9124502465689
717,670.9583333333334,0.14180550924161586,0.16484343133321622,0.29611918488697964,1138.0954119346352
718,804.3333333333334,0.1380936343495439,0.12790557814807427,0.38684129669392214,1165.6936418573564
720,662.7291666666666,0.10102070831670994,0.12390682173938286,0.31823807019338923,1228.1009051919689
721,933.0833333333334,0.13826335348734042,0.15658361155812334,0.551014632563668,1674.0135403673812
722,2483.1875,0.3888596790592845,0.32784201459186835,1.0420751317031398,2703.221041646428
723,690.0,0.09163737297058105,0.1161733255153749,0.35065314541079406,1533.479811844073
724,781.5625,0.13868372614790753,0.15354637983368663,0.4818651767046276,1408.7198089045246
725,661.3958333333334,0.1283149951841773,0.15204391246888696,0.5002077064658759,1171.7327624789991
726,795.3541666666666,0.08436617037145103,0.10886465630880217,0.2064780551192218,1861.2759064684633
727,341.1458333333333,0.08759477661877144,0.09752574781092202,0.25187984384815326,562.8872925965434
728,510.1458333333333,0.10845472754501714,0.13131025360851753,0.3787477069339527,932.6331897732713
729,961.7083333333334,0.10652228099543874,0.10755184220104683,0.2951452489347416,1408.1510927453771
730,847.0833333333334,0.13838843601505932,0.15428612871867856,0.410926411154882,1444.0579397424929
731,1144.0,0.15057654497100087,0.16863982270403607,0.37050108459949055,1800.3379312414286
732,1249.2291666666667,0.16096141934394836,0.15884088476498923,0.9458404466296491,2127.5262630576385
733,2687.6666666666665,0.18709826469421387,0.16664875547091165,1.4444550141317392,3143.0222186084948
734,758.5,0.17372352320973466,0.18252975184742998,0.3315439307492083,1103.4120943690984
735,518.0416666666666,0.10016946094792063,0.12600987132002667,0.22852509922169345,1072.4914918077438
737,745.2083333333334,0.14539169683689024,0.15203035168531465,0.3485866634532697,1106.592592902495
738,971.1666666666666,0.12936311814843154,0.1480221399446813,0.43690488809812544,1685.311247218151
740,979.0416666666666,0.1388416173981457,0.1913899096047006,0.43014697262690443,1697.4948208070227
741,795.4166666666666,0.11287169340180188,0.1363286274235423,0.3604850973585648,1154.9553382418444
742,678.7291666666666,0.09470200538635254,0.11773732813393198,0.2689705604216323,1428.4700440214583
743,519.8125,0.1553916582247106,0.18706475234613185,0.3852386823934789,875.3237972316301
745,819.6875,0.12312594855703958,0.14865921764838985,0.29120718883174723,1500.7689695619376
746,769.3541666666666,0.1229133954862269,0.15169593764514458,0.370756171372265,1237.1344577961875
747,738.6041666666666,0.10607378657271223,0.12879455380323457,0.2883044574243808,1573.8883907909947
748,656.5833333333334,0.12917216231183307,0.15214294340552353,0.32763768411905364,1100.2805702789326
749,389.6458333333333,0.0960560019423322,0.09974370351651819,0.21160340029514543,617.2560246769568
751,493.375,0.15202840944615806,0.14681844013493237,0.3802843506143659,734.8274740826357
752,596.9375,0.1299679918986995,0.15308404550319765,0.2859380855972376,1068.7900869675018
753,1083.9375,0.16471220807331363,0.17722888109160634,0.3688345911028027,1779.3049204675403
754,722.6875,0.11549323942603135,0.13554761467910395,0.27907705658218623,1344.889648509002
755,886.7708333333334,0.0957589905436446,0.11861535979480278,0.3341974277516901,1675.573832054758
756,1849.0208333333333,0.12749578894638433,0.14521816300182808,0.4125391274342163,3306.4500601097848
757,799.7291666666666,0.13632999978414395,0.1539831859309499,0.4337769418846172,1503.4602311556719
758,550.9166666666666,0.13285595033226943,0.15324669349484327,0.392067462307358,953.9788607021995
759,671.5208333333334,0.11860147336634194,0.13837299114320337,0.2678432738984415,1124.6894386155377
760,771.7083333333334,0.107321180948397,0.1289671688545041,0.6255525900296797,1234.0717159063327
761,1126.5625,0.14675008959886504,0.16726919499839224,0.4792912646435849,1459.0131367925833
762,625.9375,0.15132064354128955,0.2030364711110185,0.47944760766934397,1034.2789759054372
763,520.8125,0.09439163673214795,0.11699793978435237,0.3109594166793439,1080.5094863072698
764,357.4791666666667,0.10565676340242712,0.12943460883163824,0.3355173436959911,605.5328232226557
765,973.9166666666666,0.12575698480373476,0.14964215348406537,0.4354689202368302,1430.5665544345243
767,634.9791666666666,0.12614147837569073,0.14412049549381908,0.36825910360940567,944.4938679878587
768,1204.5625,0.09957934588920779,0.12235725216749238,0.2996219941317724,2106.942096973716
769,1889.4583333333333,0.16239261627197266,0.148354043563207,1.341929796115546,2260.9991891491986
770,825.375,0.19814568031124952,0.21284015004227802,0.3931895958637379,1211.407170745383
772,545.1666666666666,0.16075925129215893,0.19904990312529774,0.6172057846854999,841.2376794541085
773,557.7916666666666,0.12426548469357374,0.14396855889297114,0.4473881698086364,1074.8039356087231
774,517.7291666666666,0.11391844400545446,0.11255541080381812,0.4526635079584595,801.3308201569021
776,666.875,0.1616836873496451,0.1818563182179521,0.42000044377385287,989.7586406122791
777,546.2916666666666,0.13117148236530582,0.15433734800757432,0.4759671219465877,1023.2705735369638
779,633.0416666666666,0.10916063262195122,0.10984048610780298,0.24600621615089333,962.6442749011703
780,662.4791666666666,0.11642727037755454,0.11584205162234423,0.3010391152899115,979.1167788709714
781,404.9166666666667,0.10192579176367783,0.10172992799340225,0.22624676504091928,645.927240484561
782,857.9166666666666,0.2521119931849038,0.2145264323164777,0.5729012174660224,1321.9878970701661
783,643.6458333333334,0.10603986135343225,0.1250362745145472,0.3602773444541837,1134.0822647997513
784,903.5416666666666,0.15984749212497618,0.1745682344204042,0.35773238606555496,1461.6922840780592
785,920.5833333333334,0.13709825422705674,0.16349422640916778,0.4059784345233242,1485.5069841639925
786,529.7083333333334,0.21122146234279726,0.20855452374714176,0.44235953150282886,760.3883054071781
787,824.5416666666666,0.09152787487681319,0.09344912156826113,0.29160991577609635,1452.8523668976143
788,2302.8125,0.14949980014707984,0.19164435456438764,0.5892794729936432,4000.0223332709866
789,396.7916666666667,0.1258108790327863,0.14636763130746236,0.6939680187658644,596.1419713457525
790,692.625,0.10550510592576934,0.12890405189700244,0.3511447987439321,1383.5964006891604
791,1031.4166666666667,0.14051692078753217,0.15980401853235757,0.4211528673337658,1749.7070230946283
792,733.2291666666666,0.11757752953506098,0.14023531937017675,0.25355277230353984,1398.328049255014
793,618.0416666666666,0.140111992998821,0.16333456737239185,0.289758890577936,1089.3014963727903
794,368.9375,0.13471568503030917,0.1495458672686321,0.7121074675550758,641.3414327277892
795,703.5833333333334,0.1816311115171851,0.20940841116556308,0.3584963980617586,1020.8134011659525
796,690.8333333333334,0.10166557823739401,0.12606830131716845,0.30509221272025033,1252.4735526149843
798,689.2083333333334,0.10931341822554426,0.10826650479944741,0.27637167640832916,1066.9095947329995
799,1000.7708333333334,0.11762151485536157,0.1265082010408727,0.39767230841276546,1574.9041240659699
800,579.5,0.14458437663752857,0.16157985315090273,0.35265328776888094,1015.0723701621804
801,556.0416666666666,0.115800043431724,0.14176237292406035,0.3549954030897666,1014.504723169554
802,635.8333333333334,0.09880189197819407,0.123142033088498,0.28685119922256397,1266.8523986637117
803,625.2916666666666,0.1258563064947361,0.14598319588637934,0.284902087340007,1141.40709944641
807,832.7916666666666,0.0953726070683177,0.10797966980352634,0.36453758742049597,1389.5796726588464
808,674.0416666666666,0.10011470608594941,0.11005330667263125,0.3233065486152682,1104.536365781287
809,1042.375,0.11762577149926162,0.1414418685727003,0.2852818904163522,1933.0258663556472
810,668.7916666666666,0.12462819494852205,0.16986272393203364,0.4056362065927764,1309.5247229434044
811,391.0416666666667,0.1112914899500405,0.1317266022286764,0.4213161023067153,721.4848115749446
812,525.4375,0.0965011410596894,0.11700579015220083,0.2700055514551678,970.2411212339608
813,637.25,0.12221758540083723,0.1463734696551067,0.483843306674793,1187.5240348444881
814,866.8958333333334,0.11079600962196909,0.13541553078628168,0.30318309516975184,1708.8065035768873
816,589.9166666666666,0.16169103761998618,0.17265950179681544,0.40685394819336657,969.306367116885
817,1465.9583333333333,0.08202506856220525,0.08060144796604063,0.35712393761098565,2325.984092808891
818,744.4583333333334,0.13124732273380932,0.15164944020713247,0.3295783143855264,1324.6396365301268
819,633.5,0.11961041427240139,0.138958768146794,0.4289685629656773,1034.8777302979645
821,745.7916666666666,0.11976524678672232,0.14065652940331436,0.3677019908937529,1402.8888052871475
822,789.7708333333334,0.12289890428868736,0.14820892054860185,0.2838065202785965,1408.282997128063
823,720.5833333333334,0.14215175116934428,0.1655892046486459,0.45993897534907296,1372.083755946893
824,930.75,0.14137247132091987,0.1851125461299245,0.5023021350306008,1666.684833234326
826,945.9583333333334,0.1344993637829292,0.15090179443359375,0.4020519069950491,1550.3547981026795
827,1438.3958333333333,0.10477746405252596,0.1309716992261933,0.5779647130992827,2522.064233916337
828,510.7708333333333,0.11813470793933403,0.13750711301477944,0.3067418529524408,955.8978327555025
829,611.625,0.12910796374809452,0.1508333741164789,0.31953108250738,1039.0307983885752
830,576.1666666666666,0.10068139797303735,0.12540918443261123,0.30658598780118596,1150.129920197424
831,1640.5625,0.17309469129981064,0.1832256200836926,0.3794790790614589,2576.5249206376147
832,554.5416666666666,0.0923180696440906,0.11674609998377358,0.2724084801628947,1222.8819784972436
833,629.6875,0.13919866375806855,0.15775515393513004,0.3328495206294986,1087.5531021517984
834,649.8333333333334,0.1266051734366068,0.14895035580890933,0.3754033367178557,1089.655679561209
835,554.0833333333334,0.11955706666155559,0.1402925514593357,0.31519743560636915,1025.5353480012282
836,587.2083333333334,0.11077241199772532,0.13453295172714605,0.3210626221145823,1034.4962542223147
837,383.4583333333333,0.11251243730870689,0.13343805220068955,0.403575694473284,820.4273784640134
838,846.1666666666666,0.11673367895731111,0.13630692551775678,0.3869208472479837,1304.452631055136
839,618.2291666666666,0.20277660648997237,0.20703794898056402,0.38985500536282097,847.5727107452198
840,1225.1875,0.24621551792796065,0.2704506153013648,0.7165354106817542,1453.2012936960937
841,402.9583333333333,0.18017464149289014,0.21306456589117284,0.39063676030097627,625.7842080142324
843,976.6666666666666,0.11503703419755144,0.130473462546744,0.36723858391063424,1604.0129883098411
844,431.3541666666667,0.13200117902057926,0.14740277499687382,0.2843058568074507,667.7080824232497
845,672.125,0.15495873660576054,0.1821122169494629,0.5422685051695957,1000.771202623257
846,1124.2083333333333,0.14728942731531655,0.16599139934632837,0.36333892943507,1873.8221189145286
847,681.1666666666666,0.12337917234839463,0.14318829047970655,0.32697214994595514,1072.893323370657
848,952.75,0.1489607415548185,0.17639205513930903,0.41684242899259577,1517.265962183295
849,662.8958333333334,0.09020412258985566,0.1133395288048721,0.3086763377502554,1423.839878638044
850,843.9375,0.15756968754093822,0.17835874092288134,0.38655335881532493,1336.1967170542916
852,543.5833333333334,0.15571548880600347,0.1690659523010254,0.3808777031193799,930.1105669041002
853,883.0416666666666,0.10444194514576982,0.12817185099531964,0.34171843835642335,1573.1048916076766
854,796.3541666666666,0.16462280692123785,0.20456337347263243,0.3740127796471665,1228.3598821192427
855,605.8333333333334,0.10802013118092607,0.12384206492726396,0.31509174786210276,1066.3767314290635
856,607.5208333333334,0.09231570290356148,0.115231479086527,0.31372699633548223,1302.530357931566
857,937.0833333333334,0.12599877613346752,0.17855981501137339,0.5072075197369399,1575.3073774134791
860,663.5625,0.11438911717112471,0.13761113329631527,0.40033569046997175,1261.583264526497
861,460.8333333333333,0.13554848694219823,0.15697609506002286,0.4762860503071078,836.7472736734791
862,837.0208333333334,0.11621106543192049,0.137733750227021,0.40215904693911786,1441.0112190171642
863,943.2291666666666,0.15743364890416464,0.13825682799021402,0.4742994282365755,1338.4991595066467
864,459.6458333333333,0.1196604938041873,0.13525059165024175,0.39995120034321213,707.1867975766139
865,948.6458333333334,0.1361937988095167,0.15883059617949696,0.4464175423136533,1453.3433868153802
866,745.0625,0.12008027332585032,0.1424709413109756,0.33280261011706774,1343.416664082046
867,516.875,0.1182010571161906,0.11242057879765828,0.4294920166075547,686.724198641638
868,1259.9791666666667,0.14527727917927066,0.19237249653513838,0.5174438055372029,2232.870947158986
869,643.125,0.14306888347718774,0.15260868537716749,0.2977599956363128,899.5705456864773
870,739.2083333333334,0.12698166544844464,0.14705716109857325,0.5379346544915551,1415.5411803735465
871,989.6666666666666,0.162918672329042,0.21618538368039014,0.6409875212637967,1505.591854830961
872,1036.3541666666667,0.16603481478807403,0.18094226790637505,0.4425576089576507,1508.4474910759518
873,360.6875,0.1257571708865282,0.12023947878581721,0.41750542223625814,518.6208473763211
874,491.9583333333333,0.11641751266107327,0.13609618675418017,0.40543743598748905,952.8728491601944
875,520.1041666666666,0.11666697990603564,0.1373020730367521,0.29177403983693506,1043.9093191779957
876,4472.041666666667,0.25085650549994576,0.8874452172256098,1.2908714994091333,6617.177646096559
877,836.6666666666666,0.15754611151559011,0.20603275299072266,0.5115058195369183,1156.85096994672
878,653.375,0.09545671649095488,0.09489366484851372,0.24113550462387773,948.169200793473
880,932.6041666666666,0.12511525503019008,0.15117993005892125,0.4999117052388745,1655.3049064547997
881,485.9375,0.1399449604313548,0.15934287047967677,0.30269250689092153,795.5701571828848
882,602.1458333333334,0.11425257892143435,0.11709353981948481,0.36290334042012995,913.7611376430202
883,561.9791666666666,0.15303547789410846,0.1581994033441311,0.45435493091217555,801.9608001641975
885,776.9583333333334,0.16060372096736256,0.1720835871812774,0.5501637263644219,1186.7828360740646
886,832.0416666666666,0.1506579561931331,0.16866453682504048,0.4382448367158777,1356.223678700039
887,1031.3333333333333,0.1664768777242521,0.2156537683998666,0.42393709788292355,1674.2666056117425
888,976.75,0.12228419141071599,0.14845550351026582,0.4857929583964374,1408.6345042865685
889,494.5208333333333,0.13230291227015054,0.16457128524780273,0.36441971007485185,954.7926476465976
891,900.125,0.14830826549995235,0.14931941613918398,0.39020172773341527,1225.4376769138446
892,649.0208333333334,0.10291421704175996,0.12597434113665326,0.2507784441071777,1453.4526136066493
894,894.5416666666666,0.12551888023934712,0.14829856593434404,0.266533216726644,1675.5073858386897
895,945.8958333333334,0.1021036520236876,0.12739687431149366,0.4194129506471416,1648.1345515460805
896,755.9166666666666,0.1184317542285454,0.16576611123433926,0.5251847224724352,1461.1472091020353
897,477.4583333333333,0.16490265218223013,0.2070586506913348,0.3621584374685556,771.7770889317718
898,754.0,0.13234954927025772,0.15499196401456508,0.29970593955493896,1337.4364782423625
899,596.125,0.1314253807067871,0.1543600733687238,0.30577283612073786,1016.8646255360969
901,780.9791666666666,0.11906287728286372,0.14207923703077363,0.38754064804138816,1369.9038895727929
905,1079.3541666666667,0.2017696194532441,0.20940782965683355,0.42088298066582236,1550.3829634426888
906,1033.0,0.10986414188291968,0.13338889145269628,0.3117117233580611,1875.6102118155218
907,776.2083333333334,0.14232163312958507,0.1560781758006026,0.50189810339708,1359.493226659601
908,603.5833333333334,0.1673946845822218,0.2130034144331769,0.35025224324649074,1053.5619741302992
910,674.75,0.1285418301093869,0.15367959185344418,0.3489643947468462,1250.7826882929478
911,1018.7083333333334,0.11838246554863162,0.14593443056432212,0.40674907558831414,1501.5739520028087
912,572.4375,0.11377041514326887,0.13429278862185595,0.42932038077667145,953.8686142930447
913,943.7708333333334,0.1215091100553187,0.14555000677341368,0.2784279212504529,1753.3525030637736
914,1043.6875,0.12879604246558213,0.17063080392232755,0.4184326304846492,1695.198710082882
916,793.6875,0.1708358090098311,0.18688661296193193,0.5490175502147717,1355.4659715389391
917,812.5416666666666,0.14622769704679164,0.16315947509393458,0.38698422870401644,1204.0039451762607
918,541.1458333333334,0.12228354012093894,0.14302728234267817,0.3455612707584312,937.384481771843
921,1023.8125,0.14612195549941645,0.1349095716709044,0.44515899924215463,1581.0327321089844
922,782.3958333333334,0.1212529438297923,0.1422014469053687,0.3952623904699091,1383.4303982010322
923,667.25,0.14956815068314716,0.1661041771493307,0.6869460680990938,995.6119977179865
924,556.1041666666666,0.14841489094059643,0.1628545202860018,0.3645967458395668,1004.4833248989254
925,869.8958333333334,0.13474800528549566,0.15305320228018413,0.5056098916412692,1262.545972760332
926,922.4166666666666,0.15264607638847538,0.1698242978351872,0.3641492228775635,1466.7878737795272
927,630.7708333333334,0.121682725301603,0.1251313046711247,0.267589088157444,893.4856835264159
928,988.3333333333334,0.14062209245635243,0.16488963801686357,0.31833016389684426,1721.9688344063218
929,475.5625,0.09624995254888767,0.09829004799447409,0.3261465608490154,827.7766657337795
930,928.1041666666666,0.15752736533560405,0.1788612226160561,0.4305166784594463,1231.325505299066
931,482.6875,0.10698006550470988,0.10599665840466817,0.5495074864498211,784.1852725387455
933,803.375,0.1321354493862245,0.15214836306688262,0.3866552421663088,1248.271137747458
934,651.6041666666666,0.11073205529189692,0.131798209213629,0.31216636105695056,1169.742172446561
935,550.2916666666666,0.1030054790217702,0.1297155589592166,0.36076324961498824,1090.5182254322942
936,666.2708333333334,0.1209478959804628,0.12950384326097442,0.3603664440376565,891.545100747386
937,883.9583333333334,0.13183693769501476,0.174855616034531,0.3685233618255044,1556.298707403777
938,833.8125,0.10019895507068169,0.11940300173875762,0.35757949778758497,1404.5635146431316
939,705.7708333333334,0.13290058694234708,0.17862100135989306,0.3748633102234422,1156.3871179958148
940,674.5833333333334,0.10274145079822075,0.1219848772374595,0.30901967599406843,1085.3835343631608
942,782.0,0.13341628051385646,0.1788582569215356,0.39935378788881976,1559.7123666454231
943,869.8958333333334,0.13830825759143364,0.16329803699400366,0.49276849399024086,1190.7710387251896
944,697.9791666666666,0.11902669580971323,0.1362624168395996,0.3240318264544792,1146.4992368074215
945,526.7916666666666,0.13794555896665991,0.18274593353271484,0.5134196038832277,824.6586667625986
946,520.3958333333334,0.13760052657708888,0.1624059095615294,0.4062261376413847,975.2347580625566
947,777.7916666666666,0.13598965435493282,0.1457229823600955,0.3512601139637403,1233.1598977153503
948,577.5625,0.06956678132216136,0.06653832892576854,0.5679785818106428,796.2868254174078
949,557.9791666666666,0.11610783600225681,0.14255441107401035,0.28123694234953794,1034.1030332289588
950,552.3333333333334,0.10447546330893911,0.1292288710431355,0.296971765275439,1147.49705881976
951,1040.2083333333333,0.1488593496927401,0.16882562637329102,0.4332634248541567,1649.7859457113418
953,432.8333333333333,0.10297827604340344,0.10310781292799043,0.25157703969989936,764.6623982734691
954,806.0,0.14358577495667993,0.16206855308718798,0.3151633936793808,1286.898532648683
955,559.6666666666666,0.1269293296627882,0.15185420106096967,0.35234637651328565,931.5381545236531
956,500.7291666666667,0.23083240229909013,0.19321644015428496,0.37780497315692385,647.9334456562649
957,813.9791666666666,0.12000260701993616,0.1392953221390887,0.3187538749739338,1439.8062369638492
958,529.4166666666666,0.16204740942978277,0.1745310876427627,0.6184285442116667,840.3145244490304
959,544.1666666666666,0.0853963421612251,0.0882902377989234,0.2910877186634342,886.9718146592935
960,793.4166666666666,0.11593206917367331,0.15993160154761338,0.3479216392552208,1508.062332929246
961,752.5208333333334,0.1400014598195146,0.1558911160724919,0.41342919259557026,1249.4521466093315
962,781.5625,0.13757377717553115,0.15642503412758432,0.3004780967196225,1364.1549887506674
963,1193.25,0.11693756754805402,0.11896513729560666,0.3060189507411994,1845.1514842960726
964,905.8958333333334,0.1274540249894305,0.14403943317692455,0.28576047865398674,1286.7854003938135
965,853.9166666666666,0.1353539955325243,0.15408406606534633,0.2958269507723257,1217.9172796212392
966,583.9375,0.15510129928588867,0.16746804772353754,0.4868510564601558,926.1408280241906
967,1049.4375,0.15618470819984995,0.1724602303853849,0.4510870526509118,1705.5678428800968
968,632.9166666666666,0.10411014789488257,0.12387118688443811,0.35627633030511685,1076.901225739854
969,516.3541666666666,0.14352929882886933,0.16937921105361567,0.5324154666167582,815.1373094965862
970,525.75,0.2177470137433308,0.2243848195890101,0.5430846244503242,763.6033819987965
971,1381.1458333333333,0.16772802864632955,0.23093735299459317,0.4795844255432537,2196.7095089398294
972,620.4791666666666,0.194572867416754,0.22094026425989663,0.48272636765083377,896.2617735163465
973,918.6458333333334,0.15462018222343632,0.16934043605153154,0.4623545446618792,1593.2875342092734
975,874.3333333333334,0.14509203375839605,0.1618024895830852,0.3775556519485586,1418.9806787503016
976,652.75,0.1166772260898497,0.13472817583781918,0.27400589383896484,1082.4570045348992
978,750.9583333333334,0.11997925362935881,0.12330998443975681,0.34128068716570875,1090.8223961763895
979,730.0208333333334,0.1250587440118557,0.14647893207829174,0.3288958368782259,1353.0609742358251
980,812.375,0.1547373097117354,0.17289140747814644,0.34990964259110524,1301.3974540213812
981,639.1666666666666,0.10694420046922637,0.1270955015973347,0.2710166591456077,1220.910316116626
982,908.3958333333334,0.12229556572146533,0.14677545500964653,0.3381251263296524,1494.8108018519713
983,1280.6041666666667,0.18619726925361446,0.20450950250393007,0.36613020532998203,1848.5787333336207
984,897.0625,0.16795323534709652,0.2027062904543993,0.3835352185351426,1285.9204226286063
985,1087.4791666666667,0.14183460793844083,0.19056155041950504,0.4246013321953044,1944.2659283133055
986,672.8333333333334,0.15993099677853467,0.1732774827538467,0.3138974445825979,1126.9866163062156
987,709.8125,0.1199845337286228,0.13991974621284298,0.35066877172521227,1373.3783164154006
990,623.9166666666666,0.10790985386546065,0.14061721941319907,0.29202691989797436,1266.466936007411
991,658.5416666666666,0.12569462380758145,0.1539157658088498,0.4061634887545811,1112.8108928894133
992,684.3541666666666,0.17769441372010766,0.17333458691108516,0.4273566917134078,907.939241726376
993,698.5208333333334,0.10984478927240139,0.13059453266422924,0.2957850194902367,1356.9298679985884
994,696.8333333333334,0.16091525845411347,0.18104700925873546,0.39217887740866797,1121.3525315439388
995,934.7291666666666,0.11260474600443025,0.13304542913669493,0.3669977362479924,1725.0014492747534
996,810.4791666666666,0.12723366807146771,0.14953003860101466,0.34711503393355825,1410.6561121218263
997,593.3125,0.13790724917155942,0.1832216309338081,0.3017184529501742,1098.611472116811
998,491.625,0.11864185333251953,0.14416085219964747,0.4430485028224479,911.1179488225806
999,1103.5416666666667,0.12860764526739354,0.15594670830703364,0.32103509371490335,1980.6741276646192
1001,562.7291666666666,0.10536692782146174,0.13193263077154394,0.300843795103797,1108.1327387396632
1002,931.4583333333334,0.1529696045852289,0.19185900106662657,0.5345436805242845,1539.2636767840222
1003,979.7083333333334,0.17579553185439692,0.19037893341808784,0.34260992347732655,1488.3400149159465
1005,691.375,0.1388329994387743,0.1567080079055414,0.4397129513379256,1130.821235503944
1006,640.0833333333334,0.10667975355939167,0.11976416518048542,0.33270840450890277,950.6906699868259
1007,733.4791666666666,0.10849761962890625,0.13357043847805117,0.32582894868855466,1449.1073114162389
1008,547.6041666666666,0.10566304369670589,0.12875701159965702,0.30938719114354224,1161.2564675097974
1010,845.4583333333334,0.09928935911597275,0.12487583625607374,0.301786821911318,1690.824552301825
1011,865.0833333333334,0.15473651885986328,0.15840949081793065,0.33044796196984294,1160.045760591653
1013,370.7916666666667,0.12854929668147388,0.1362943881895484,0.28439615475299,553.2857158226058
1014,1195.7708333333333,0.14685412151057545,0.16128524919835532,0.29297956672358777,1829.6742879540063
1015,683.0208333333334,0.12332855782857756,0.14375656407053877,0.38616246524041903,1141.5780014231761
1016,631.5416666666666,0.1247994725297137,0.1523993538647163,0.2759717821209858,1195.2029813662057
1017,786.3333333333334,0.15594354489954507,0.1691665184207079,0.42772092365330544,1057.4419605822345
1018,844.6458333333334,0.08852662109747166,0.09339181388296731,0.2680851166292975,1285.8279433890057
1020,869.9791666666666,0.1178481869581269,0.13839821699188976,0.3732606104505864,1486.600932776962
1021,1017.5625,0.11783499834014148,0.1471513073618819,0.5569423190248026,1568.2211259895716
1022,738.1875,0.12090361990579744,0.14034021191480683,0.2842938842968748,1338.7464908139505
1023,754.7083333333334,0.1554778145580757,0.19652324769555068,0.3580145209279275,1317.2473824861702
1024,555.2916666666666,0.10678939121525462,0.12956472722495474,0.3249918731749009,1076.2507452571947
1025,701.8541666666666,0.10111234246230708,0.1241679773098085,0.3813525226166155,1223.0661606525352
1026,1288.3125,0.1498712330329709,0.19650033625160776,0.37218178681152686,2122.487926938573
1028,722.2708333333334,0.16565079805327626,0.1871190187407703,0.36863614397956773,1116.6101602618526
1029,619.7916666666666,0.14197263485047876,0.1553892507785704,0.44052380635673094,959.1335499640635
1030,469.875,0.14434848180631313,0.19351024162478564,0.34116250315149094,944.747497129965
1031,617.7708333333334,0.14104205806080888,0.16741592128102373,0.33084721919495214,1083.322820461811
1032,822.3541666666666,0.10542034521335508,0.1281459622266816,0.2970534630126238,1701.4058892574694
1033,1362.6875,0.11125971631305974,0.12742536823923994,0.36011772463639014,1979.9070685261972
1034,611.5833333333334,0.11505909663874929,0.11794553151944788,0.2679617775455058,917.7809288350534
1035,536.0208333333334,0.1271626658555938,0.12216586601443408,0.30845746714580413,849.4519311493343
1036,577.5416666666666,0.13999236502298495,0.15516707955337153,0.43022807985559386,1036.8026170234461
1037,841.7916666666666,0.16502422239722275,0.17770606715504716,0.41492387654648916,1245.073826459031
1039,1367.7291666666667,0.21055351815572598,0.2128059340686333,0.5525093730056223,2092.88668271043
1040,879.0416666666666,0.11809278115993593,0.1386081765337688,0.309045462568732,1595.515851796319
1042,432.9583333333333,0.12843461152983876,0.13110071275292373,0.33011106020439857,652.1119216310443
1043,775.6875,0.11019201976496999,0.13175558462375547,0.2835102281029304,1395.6015429436393
1044,760.8333333333334,0.15078762100964058,0.16863380990377286,0.3610084919784113,1247.4996993987613
1045,1082.2291666666667,0.1309740940729777,0.12957777579625449,0.5946387772147613,1348.9298227360334
1046,920.1666666666666,0.11327549306357779,0.13805891827839176,0.309285420788418,1753.3679971224904
1047,549.9583333333334,0.13097984034840654,0.15140332245245214,0.32411771421838537,887.9053065126559
1048,811.9791666666666,0.1181098891467583,0.14199152225401343,0.35212928526122417,1572.6720361643534
1050,750.9375,0.12126437629141458,0.13951752825481137,0.3202442994119477,1476.6985135768234
1051,895.7291666666666,0.1259329726056355,0.14819282438696885,0.3756352589969497,1583.203871900268
1052,607.8958333333334,0.10555240584582817,0.1028620208181986,0.2759090837375743,908.0145923937566
1053,941.0833333333334,0.12776522520111827,0.1456433272943264,0.309314293668786,1580.6979471107059
1054,556.3333333333334,0.1007883839490937,0.11763586649080603,0.3240047554451905,952.3392252763717
1055,716.4375,0.1074288414745796,0.129217217608196,0.3062393650164883,1238.0546568440884
1057,802.3125,0.15364488741246665,0.17008788411210224,0.5057009398425448,1266.1935739319904
1058,797.5416666666666,0.13692939572217988,0.15451894155362758,0.3492042953480856,1272.5473141171085
1059,908.4166666666666,0.12203409613632574,0.1458347367077339,0.4000462636343671,1799.9091643746915
1060,664.3125,0.11380097924209223,0.13254056325772914,0.3010750844217855,1097.9617479675692
1061,960.0625,0.12618703376956103,0.14997133394566978,0.4778743503813397,1726.7493545194488
1062,648.9375,0.11506705167816907,0.13836207040926304,0.27239597530296317,1355.1904540199014
1063,464.6666666666667,0.1275503809859113,0.12604135420264267,0.37935848158184104,660.0719973356443
1064,1013.0833333333334,0.12417752568314715,0.14429509930494355,0.3865369714467771,1812.567240132073
1066,1842.5208333333333,0.2350174275840201,0.23157215118408203,0.7501335563256376,2412.678870743749
1068,510.1666666666667,0.12311833079268293,0.16965593942781773,0.3828709309051671,934.7539783279876
1069,841.4791666666666,0.15149395640303448,0.1580863231565894,0.41473342970172844,1139.1507801867144
1070,685.2916666666666,0.11338254882068169,0.13618006357332554,0.31840071381528173,1178.6058501466891
1071,804.1041666666666,0.15518540870852587,0.19777081652385434,0.5293398068400109,1160.6030041893453
1072,558.8958333333334,0.09025873207464451,0.09340200191590844,0.28645343081313096,818.8557310865775
1073,1423.6666666666667,0.17047901851374928,0.1973456406011814,0.8033679141593076,2229.964274751205
1074,625.25,0.15242255606302402,0.1730328652916885,0.3521249206349207,1088.3448059630123
1075,1121.0625,0.11408356922428782,0.13374265810338462,0.6303861357610983,1645.9388911297203
1076,524.9791666666666,0.16059806870251167,0.16702240269358565,0.4927462303386619,770.6451842449935
1077,575.5625,0.1591312710831805,0.17421666587271342,0.4047684622849595,772.3496347725771
1078,1134.6041666666667,0.15979848256925258,0.19882762722852754,0.4371531599681574,1688.917108682365
1079,954.8541666666666,0.1275532536390351,0.15301918401950743,0.29781118268643036,1643.9795213647483
1081,875.7291666666666,0.1378220021724701,0.13390149672826132,0.656567964466729,3380.742719186619
1082,670.2291666666666,0.11767030343776796,0.1280637601526772,0.3273459300079309,969.0922728684475
1083,663.7291666666666,0.1293779698813834,0.15582847595214844,0.5178223556712668,1096.7913049740441
1084,677.125,0.13139351402840962,0.14876595939077983,0.4377278428520204,1093.420016888905
1085,671.4791666666666,0.10579448792992568,0.12760148397306117,0.29973308991425396,1347.713619431072
1086,633.2916666666666,0.13204906044936762,0.14943464790902486,0.20320212109559593,1242.505331980511
1087,606.6458333333334,0.10760735302436643,0.1281006510664777,0.3524799630594497,1024.1641714100333
1088,663.7291666666666,0.16171390254323076,0.16429202149553998,0.37645858564737544,842.4264062812846
1089,887.7708333333334,0.09685542525314703,0.1164873983801865,0.30103210673066644,1702.9407897320839
1090,647.3541666666666,0.10806465148925781,0.13299324454330816,0.30623514476135616,1258.2800430216903
1091,860.8125,0.11098354618723799,0.13588543636042896,0.34186848033118505,1490.6894378105724
1093,1002.5,0.13826452813497403,0.16014257291468179,0.4664982472559929,1379.2354162119436
1095,529.9375,0.13706629450728253,0.15507059562497022,0.38830572345763453,876.9887874615806
1096,645.3125,0.1251465634601872,0.14411797174593297,0.37174551808030176,1174.7960106617093
1097,1293.7708333333333,0.12456280986467998,0.11486608783404033,0.9725217810919048,1597.915830073662
1098,480.75,0.10584526527218702,0.10758691880761123,0.3299391613975469,716.0250810318495
1099,948.3958333333334,0.13004997372627258,0.1211029589176178,0.4889007666676353,1392.9192367111598
1100,650.2291666666666,0.14869948131282154,0.19714046106105898,0.283886543895149,1168.566179840349
1101,921.75,0.10277953962000405,0.12621439957037206,0.3064993587669732,1687.9145910462018
1103,557.0,0.10512119386254287,0.1307764751155202,0.3406821794160136,982.1350042976101
1105,558.4166666666666,0.12400750416081126,0.1477019379778606,0.3180604786061345,880.9384200952982
1106,414.8333333333333,0.0972971334690001,0.11707687377929688,0.34640032786339947,694.503869679644
1108,661.6666666666666,0.12067313310576648,0.14819806959570908,0.28475226304863527,1170.9266985312672
1110,550.8125,0.13506596262862042,0.1635278492439084,0.3484993779989971,1047.7448798888656
1111,658.7916666666666,0.16597471004579126,0.18259334564208984,0.39031748390788473,1036.546509649551
1112,1081.5,0.15052809366365758,0.16979995587976968,0.27014353541497704,1608.2628827402566
1113,660.3541666666666,0.11450903590132551,0.12498239191567026,0.4185199432621884,1058.757762663396
1114,1882.3333333333333,0.09572574568957817,0.1191785858898628,0.47687654459917966,3553.4512800937628
1115,891.2083333333334,0.13804465968434404,0.17731319985738614,0.45004474343617445,1302.7419800814998
